{"stat.pickup.minecraft.bone":1,"stat.useItem.mocreatures.katana":6,"stat.leaveGame":15,"stat.pickup.mocreatures.essencelight":1,"stat.drop.mocreatures.medallion":1,"stat.swimOneCm":7031,"stat.useItem.minecraft.planks":100,"stat.useItem.minecraft.end_rod":4,"stat.drop.mocreatures.elephanthowdah":1,"stat.craftItem.mocreatures.MoCWoodPlank":8,"stat.useItem.minecraft.dirt":6,"achievement.exploreAllBiomes":{"value":0,"progress":["ForestHills","Flower Forest","Forest","River","Plains","Taiga"]},"stat.killEntity.mocreatures.Crab":4,"stat.useItem.minecraft.water_bucket":101,"stat.pickup.minecraft.rotten_flesh":2,"stat.useItem.minecraft.diamond_hoe":4,"stat.killEntity.mocreatures.Elephant":3,"stat.flyOneCm":669613,"stat.pickup.minecraft.fish":32,"stat.timeSinceDeath":129997,"stat.useItem.minecraft.fence_gate":12,"stat.useItem.minecraft.spawn_egg":115,"stat.killEntity.mocreatures.JellyFish":1,"stat.killEntity.mocreatures.Wraith":2,"stat.killEntity.Creeper":1,"stat.pickup.minecraft.fence_gate":1,"stat.sprintOneCm":86764,"stat.useItem.minecraft.hay_block":79,"stat.useItem.minecraft.fence":86,"stat.useItem.minecraft.stone_stairs":36,"stat.useItem.minecraft.bed":1,"achievement.openInventory":195,"stat.pickup.mocreatures.elephantharness":1,"stat.useItem.minecraft.wheat_seeds":7,"stat.pickup.mocreatures.essencedarkness":1,"stat.useItem.mocreatures.sharksword":3,"stat.useItem.minecraft.carrot":5,"stat.useItem.minecraft.dye":8,"stat.useItem.mocreatures.silversword":55,"stat.drop":4,"stat.playOneMinute":129997,"stat.pickup.mocreatures.crabraw":7,"stat.pickup.minecraft.slime_ball":20,"stat.pickup.minecraft.glass_pane":1,"stat.killEntity.Zombie":1,"stat.drop.mocreatures.silversword":1,"stat.pickup.mocreatures.hide":7,"stat.useItem.minecraft.jukebox":3,"stat.diveOneCm":2761,"stat.pickup.minecraft.wheat":20,"stat.chestOpened":43,"stat.useItem.minecraft.splash_potion":47,"stat.recordPlayed":4,"stat.useItem.minecraft.stone":91,"stat.pickup.minecraft.arrow":2,"stat.killEntity.mocreatures.PolarBear":1,"stat.useItem.mocreatures.recordshuffle":4,"stat.pickup.minecraft.obsidian":2,"stat.jump":742,"stat.useItem.minecraft.sand":51,"stat.pickup.minecraft.fence":7,"stat.pickup.minecraft.carrot":18,"stat.pickup.minecraft.gunpowder":4,"stat.crouchOneCm":21306,"stat.killEntity.mocreatures.Maggot":10,"stat.killEntity.mocreatures.GreenOgre":1,"stat.craftingTableInteraction":1,"stat.killEntity.mocreatures.Fishy":1,"stat.pickup.minecraft.leather":1,"stat.useItem.minecraft.reeds":38,"stat.pickup.mocreatures.recordshuffle":5,"stat.useItem.mocreatures.MoCWoodPlank":21,"stat.pickup.minecraft.reeds":14,"stat.pickup.minecraft.wheat_seeds":44,"stat.pickup.minecraft.lead":2,"stat.useItem.minecraft.stone_sword":16,"stat.damageDealt":3865,"stat.useItem.minecraft.crafting_table":1,"stat.walkOneCm":207451,"stat.useItem.minecraft.torch":9,"stat.useItem.minecraft.chest":6,"stat.drop.minecraft.wheat":1,"stat.useItem.minecraft.log":25,"stat.useItem.minecraft.cobblestone":65,"stat.useItem.minecraft.golden_hoe":12,"stat.killEntity.mocreatures.WildHorse":1,"stat.killEntity.mocreatures.GoldFish":2,"stat.useItem.minecraft.glass_pane":45,"stat.killEntity.Skeleton":1,"stat.pickup.mocreatures.mocegg":8,"stat.mobKills":30,"stat.useItem.minecraft.wooden_door":5,"stat.useItem.minecraft.spruce_door":1,"stat.pickup.minecraft.torch":2,"stat.pickup.minecraft.red_flower":1,"stat.sneakTime":7426,"stat.useItem.minecraft.fishing_rod":5}