{"stat.pickup.minecraft.bone":2,"stat.killEntity.EntityHorse":97,"stat.horseOneCm":4698,"stat.drop.mocreatures.turkeyraw":1,"stat.leaveGame":6,"stat.pickup.mocreatures.tusksiron":8,"stat.killEntity.mocreatures.Panther":1,"stat.killEntity.mocreatures.Turkey":8,"stat.useItem.minecraft.lead":2,"stat.useItem.minecraft.diamond_sword":14,"stat.useItem.minecraft.glowstone":2,"stat.swimOneCm":5099,"stat.useItem.minecraft.planks":23,"stat.pickup.minecraft.cooked_porkchop":12,"stat.pickup.minecraft.glowstone_dust":3,"stat.pickup.minecraft.glass":2,"stat.useItem.minecraft.dirt":285,"achievement.exploreAllBiomes":{"value":0,"progress":["ForestHills","Forest","River","Plains","Taiga M","Taiga","Extreme Hills"]},"stat.useItem.minecraft.water_bucket":35,"stat.killEntity.mocreatures.Crab":1,"stat.pickup.minecraft.rotten_flesh":3,"stat.useItem.minecraft.red_flower":14,"stat.killEntity.mocreatures.Elephant":23,"stat.pickup.mocreatures.elephantchest":13,"stat.useItem.minecraft.brick_block":155,"stat.useItem.minecraft.anvil":1,"stat.flyOneCm":1223002,"stat.pickup.mocreatures.elephanthowdah":3,"stat.pickup.minecraft.glass_bottle":2,"stat.pickup.minecraft.fish":12,"stat.killEntity.Witch":2,"stat.drop.minecraft.wheat_seeds":3,"stat.killEntity.Villager":3,"stat.timeSinceDeath":268964,"stat.useItem.minecraft.fence_gate":37,"stat.useItem.minecraft.sign":4,"stat.useItem.minecraft.spawn_egg":205,"stat.pickup.mocreatures.tusksdiamond":2,"stat.useItem.minecraft.iron_door":1,"stat.pickup.mocreatures.sharkteeth":2,"stat.talkedToVillager":3,"stat.drop.minecraft.spawn_egg":2,"stat.pickup.minecraft.string":2,"stat.pickup.minecraft.fence_gate":5,"stat.pickup.minecraft.hay_block":1,"achievement.mineWood":10,"stat.useItem.minecraft.trapdoor":1,"stat.sprintOneCm":268297,"stat.useItem.minecraft.hay_block":162,"stat.useItem.minecraft.fence":82,"stat.useItem.minecraft.stone_stairs":1,"stat.useItem.mocreatures.whip":32,"stat.useItem.minecraft.bed":2,"achievement.openInventory":457,"stat.pickup.minecraft.potion":1,"stat.pickup.mocreatures.elephantharness":20,"stat.useItem.minecraft.flint_and_steel":114,"stat.pickup.minecraft.grass":1,"stat.useItem.minecraft.dye":53,"stat.pickup.mocreatures.petamulet":3,"stat.useItem.mocreatures.silversword":622,"stat.pickup.minecraft.spawn_egg":7,"stat.drop":46,"stat.playOneMinute":268964,"stat.pickup.mocreatures.crabraw":2,"stat.pickup.mocreatures.silversword":7,"stat.pickup.minecraft.slime_ball":15,"stat.killEntity.Zombie":1,"stat.pickup.mocreatures.hide":15,"stat.diveOneCm":2462,"stat.pickup.minecraft.wheat":7,"stat.chestOpened":21,"stat.useItem.minecraft.splash_potion":783,"stat.pickup.minecraft.spruce_door":1,"stat.useItem.minecraft.stone":52,"stat.drop.mocreatures.sugarlump":18,"stat.killEntity.Slime":1,"stat.killEntity.mocreatures.PolarBear":1,"stat.pickup.minecraft.obsidian":4,"stat.useItem.minecraft.carpet":20,"stat.drop.minecraft.apple":4,"stat.jump":1164,"stat.pickup.minecraft.fence":8,"stat.pickup.mocreatures.bigcatclaw":1,"stat.pickup.minecraft.carrot":24,"stat.crouchOneCm":28207,"stat.killEntity.mocreatures.FlameWraith":1,"stat.pickup.minecraft.spider_eye":1,"stat.pickup.minecraft.dirt":22,"stat.useItem.minecraft.stone_button":1,"stat.killEntity.mocreatures.Maggot":13,"stat.killEntity.mocreatures.GreenOgre":3,"stat.drop.minecraft.slime_ball":1,"stat.craftingTableInteraction":1,"stat.useItem.minecraft.glass":503,"stat.useItem.minecraft.sapling":5,"stat.pickup.minecraft.feather":10,"stat.pickup.minecraft.leather":96,"stat.killEntity.mocreatures.ButterFly":1,"stat.useItem.minecraft.reeds":31,"stat.pickup.minecraft.monster_egg":1,"stat.pickup.minecraft.reeds":1,"stat.pickup.minecraft.wheat_seeds":83,"stat.pickup.minecraft.lead":7,"stat.damageDealt":32368,"stat.sleepInBed":1,"stat.useItem.minecraft.crafting_table":2,"stat.pickup.minecraft.flint_and_steel":1,"stat.drop.mocreatures.mocegg":4,"stat.walkOneCm":476286,"stat.useItem.minecraft.torch":372,"stat.animalsBred":1,"stat.useItem.minecraft.chest":3,"stat.drop.minecraft.wheat":5,"stat.pickup.minecraft.stick":1,"stat.drop.minecraft.rotten_flesh":2,"stat.pickup.mocreatures.elephantgarment":11,"stat.useItem.minecraft.log":492,"stat.useItem.minecraft.cobblestone":152,"stat.pickup.mocreatures.sugarlump":32,"stat.pickup.minecraft.log":16,"stat.pickup.mocreatures.medallion":1,"stat.killEntity.mocreatures.WildHorse":46,"stat.killEntity.mocreatures.HorseMob":1,"stat.useItem.minecraft.yellow_flower":7,"stat.pickup.mocreatures.amuletbonefull":1,"stat.pickup.minecraft.chicken":2,"stat.pickup.minecraft.sapling":6,"stat.killEntity.mocreatures.GoldFish":8,"stat.useItem.minecraft.leaves":22,"stat.useItem.minecraft.tallgrass":56,"stat.killEntity.mocreatures.Ostrich":6,"stat.pickup.mocreatures.turkeyraw":2,"stat.pickup.mocreatures.ostrichraw":5,"stat.useItem.minecraft.glass_pane":177,"stat.killEntity.Skeleton":1,"stat.drop.minecraft.fish":5,"stat.pickup.mocreatures.mocegg":10,"stat.killEntity.Chicken":3,"stat.killEntity.Spider":2,"stat.drop.mocreatures.elephantharness":1,"stat.pickup.mocreatures.tuskswood":1,"stat.mobKills":225,"stat.useItem.minecraft.monster_egg":55,"stat.useItem.minecraft.spruce_door":3,"stat.pickup.minecraft.torch":9,"stat.pickup.minecraft.red_flower":12,"stat.sneakTime":12942,"stat.pickup.mocreatures.horsesaddle":5,"stat.pickup.minecraft.yellow_flower":2,"stat.useItem.minecraft.fishing_rod":4,"stat.useItem.minecraft.sandstone":2}