{"stat.walkOneCm":10523,"achievement.openInventory":9,"stat.leaveGame":10,"stat.pickup.mocreatures.mammothplatform":1,"stat.flyOneCm":51617,"stat.jump":54,"stat.swimOneCm":52,"stat.playOneMinute":10328,"stat.sneakTime":1375,"stat.crouchOneCm":4505,"stat.timeSinceDeath":10328,"stat.sprintOneCm":4247,"stat.useItem.minecraft.spawn_egg":1,"stat.useItem.minecraft.tallgrass":1,"stat.useItem.minecraft.hay_block":15,"achievement.exploreAllBiomes":{"value":0,"progress":["Forest","Plains"]},"stat.pickup.mocreatures.tusksdiamond":1}