{"stat.chestOpened":2,"stat.walkOneCm":40532,"stat.recordPlayed":1,"stat.drop.minecraft.wheat":9,"stat.leaveGame":1,"stat.pickup.mocreatures.elephantgarment":1,"stat.pickup.mocreatures.tusksiron":1,"stat.useItem.mocreatures.recordshuffle":1,"stat.useItem.minecraft.lead":1,"stat.useItem.minecraft.carpet":46,"stat.useItem.minecraft.diamond_sword":5,"stat.drop.minecraft.hay_block":1,"stat.drop.mocreatures.tusksdiamond":1,"stat.drop.minecraft.spawn_egg":1,"stat.drop.minecraft.apple":8,"stat.jump":79,"stat.swimOneCm":1019,"stat.pickup.minecraft.hay_block":1,"stat.crouchOneCm":3130,"stat.useItem.minecraft.dirt":35,"stat.sprintOneCm":17170,"stat.useItem.minecraft.hay_block":51,"achievement.exploreAllBiomes":{"value":0,"progress":["Forest","River","Plains","Taiga"]},"stat.useItem.minecraft.fence":152,"stat.pickup.minecraft.apple":63,"stat.killEntity.mocreatures.Ostrich":1,"stat.useItem.minecraft.water_bucket":2,"stat.pickup.mocreatures.ostrichraw":1,"achievement.openInventory":37,"stat.useItem.minecraft.cauldron":23,"stat.pickup.mocreatures.elephantharness":11,"stat.drop.mocreatures.elephantchest":1,"stat.killEntity.mocreatures.Elephant":7,"stat.drop.mocreatures.elephantharness":36,"stat.pickup.mocreatures.tuskswood":1,"stat.mobKills":8,"stat.pickup.mocreatures.recordshuffle":1,"stat.useItem.mocreatures.silversword":42,"stat.flyOneCm":245370,"stat.drop":58,"stat.playOneMinute":32659,"stat.sneakTime":1447,"stat.damageDealt":2848,"stat.drop.minecraft.carpet":1,"stat.timeSinceDeath":32659,"stat.pickup.mocreatures.hide":7,"stat.useItem.minecraft.jukebox":1,"stat.useItem.minecraft.spawn_egg":23,"stat.cauldronFilled":21,"stat.diveOneCm":44,"stat.pickup.minecraft.wheat":63}