{"stat.recordPlayed":1,"stat.pickup.mocreatures.woolball":2,"stat.drop.mocreatures.sugarlump":2,"stat.leaveGame":7,"stat.useItem.mocreatures.recordshuffle":1,"stat.drop.mocreatures.woolball":2,"stat.useItem.minecraft.lead":2,"stat.useItem.minecraft.diamond_sword":3,"stat.drop.minecraft.cooked_porkchop":14,"stat.drop.minecraft.apple":18,"stat.pickup.minecraft.diamond_sword":1,"stat.jump":270,"stat.pickup.minecraft.fence":2,"stat.pickup.minecraft.cooked_porkchop":2,"stat.drop.mocreatures.elephanthowdah":3,"stat.drop.minecraft.diamond_sword":1,"stat.pickup.minecraft.porkchop":1,"stat.crouchOneCm":4433,"stat.pickup.mocreatures.fishnetfull":1,"stat.useItem.minecraft.dirt":15,"stat.pickup.minecraft.dirt":1,"achievement.exploreAllBiomes":{"value":0,"progress":["Forest","River","Plains","Taiga M","Taiga","Extreme Hills"]},"stat.useItem.minecraft.water_bucket":23,"stat.craftingTableInteraction":1,"stat.drop.minecraft.water_bucket":1,"stat.drop.minecraft.fence":3,"stat.pickup.minecraft.reeds":5,"stat.flyOneCm":203317,"stat.pickup.mocreatures.elephanthowdah":3,"stat.pickup.minecraft.fish":54,"stat.pickup.minecraft.lead":2,"stat.useItem.minecraft.enchanting_table":1,"stat.damageDealt":418,"stat.timeSinceDeath":121374,"stat.useItem.minecraft.fence_gate":1,"stat.useItem.minecraft.crafting_table":1,"stat.useItem.minecraft.spawn_egg":99,"stat.walkOneCm":154681,"stat.drop.minecraft.porkchop":34,"stat.pickup.mocreatures.sugarlump":52,"stat.sprintOneCm":762,"stat.useItem.minecraft.fence":93,"stat.pickup.mocreatures.turkeyraw":1,"stat.pickup.minecraft.apple":3,"stat.killEntity.mocreatures.Ostrich":1,"stat.pickup.mocreatures.ostrichraw":1,"stat.drop.minecraft.lead":2,"stat.pickup.mocreatures.mocegg":12,"stat.useItem.minecraft.bed":4,"stat.drop.mocreatures.fishnetfull":1,"achievement.openInventory":135,"stat.itemEnchanted":4,"stat.pickup.mocreatures.elephantharness":4,"stat.drop.minecraft.cooked_fish":2,"stat.drop.mocreatures.elephantharness":2,"stat.pickup.mocreatures.tuskswood":1,"stat.mobKills":1,"stat.pickup.minecraft.spawn_egg":1,"stat.pickup.minecraft.water_bucket":1,"stat.craftItem.minecraft.sugar":5,"stat.drop":86,"stat.playOneMinute":121374,"stat.pickup.mocreatures.silversword":2,"stat.sneakTime":3832,"stat.pickup.mocreatures.horsesaddle":1,"stat.pickup.minecraft.cooked_fish":1,"stat.drop.mocreatures.silversword":1,"stat.useItem.minecraft.jukebox":1,"stat.useItem.minecraft.fishing_rod":4,"stat.pickup.minecraft.wheat":1}