{"stat.chestOpened":5,"stat.pickup.minecraft.record_13":1,"stat.pickup.minecraft.double_plant":3,"stat.pickup.minecraft.pumpkin":1,"stat.drop.minecraft.record_13":2,"stat.walkOneCm":84493,"stat.useItem.minecraft.chest":1,"stat.useItem.minecraft.pumpkin":1,"stat.drop.minecraft.rotten_flesh":16,"stat.leaveGame":1,"stat.mineBlock.minecraft.pumpkin":2,"stat.useItem.minecraft.chicken":1,"stat.furnaceInteraction":14,"stat.mineBlock.minecraft.double_plant":1,"stat.drop.minecraft.redstone":4,"stat.pickup.minecraft.log":13,"stat.useItem.minecraft.rotten_flesh":3,"stat.useItem.minecraft.cooked_fish":1,"stat.jump":372,"stat.swimOneCm":1309,"stat.fallOneCm":4310,"stat.useItem.minecraft.planks":26,"stat.drop.minecraft.planks":22,"stat.pickup.minecraft.chicken":1,"stat.crouchOneCm":5681,"stat.mineBlock.minecraft.chest":1,"achievement.mineWood":7,"stat.pickup.minecraft.sapling":1,"stat.pickup.minecraft.dirt":2,"stat.useItem.minecraft.dirt":2,"stat.sprintOneCm":34834,"achievement.exploreAllBiomes":{"value":0,"progress":["Sunflower Plains","Roofed Forest","Birch Forest","River","Birch Forest Hills M","Taiga M"]},"stat.craftItem.minecraft.stick":4,"stat.drop.minecraft.glass":5,"stat.craftingTableInteraction":4,"stat.pickup.minecraft.rotten_flesh":3,"stat.pickup.minecraft.sand":8,"stat.useItem.minecraft.glass":1,"achievement.openInventory":30,"stat.craftItem.minecraft.planks":52,"stat.killEntity.Chicken":1,"stat.drop.minecraft.golden_horse_armor":1,"stat.pickup.minecraft.wooden_pickaxe":1,"stat.damageTaken":56,"stat.drop.minecraft.bone":1,"stat.useItem.minecraft.wooden_pickaxe":1,"stat.mobKills":1,"stat.craftItem.minecraft.wooden_sword":1,"stat.mineBlock.minecraft.log":13,"stat.craftItem.minecraft.cooked_chicken":1,"stat.flyOneCm":21789,"stat.useItem.minecraft.mossy_cobblestone":1,"stat.drop":60,"stat.pickup.minecraft.wheat_seeds":7,"stat.mineBlock.minecraft.leaves":1,"stat.mineBlock.minecraft.sand":9,"stat.playOneMinute":33348,"stat.useItem.minecraft.wooden_sword":1,"stat.drop.minecraft.wheat_seeds":5,"stat.drop.minecraft.sand":2,"stat.sneakTime":2840,"stat.damageDealt":40,"stat.drop.minecraft.cooked_chicken":1,"stat.craftItem.minecraft.glass":6,"stat.timeSinceDeath":33348,"stat.pickup.minecraft.cooked_fish":1,"stat.mineBlock.minecraft.tallgrass":10,"stat.diveOneCm":420,"stat.drop.minecraft.name_tag":1,"stat.pickup.minecraft.mossy_cobblestone":1,"stat.pickup.minecraft.chest":1}