{"stat.chestOpened":3,"stat.mineBlock.minecraft.mossy_cobblestone":39,"stat.pickup.minecraft.pumpkin":4,"stat.pickup.minecraft.bone":3,"stat.drop.minecraft.wooden_pickaxe":1,"stat.leaveGame":1,"stat.mineBlock.minecraft.cobblestone":3,"stat.mineBlock.minecraft.pumpkin":3,"stat.useItem.minecraft.apple":1,"stat.useItem.minecraft.rotten_flesh":13,"stat.jump":475,"stat.swimOneCm":2831,"stat.useItem.minecraft.sand":2,"stat.pickup.minecraft.fence":1,"stat.pickup.minecraft.cooked_chicken":1,"stat.fallOneCm":9089,"stat.useItem.minecraft.planks":20,"achievement.buildWorkBench":2,"stat.crouchOneCm":11790,"stat.pickup.minecraft.glass":5,"stat.mineBlock.minecraft.chest":1,"stat.craftItem.mocreatures.sugarlump":1,"stat.pickup.minecraft.dirt":23,"stat.useItem.minecraft.dirt":23,"achievement.exploreAllBiomes":{"value":0,"progress":["Birch Forest Hills","Sunflower Plains","Roofed Forest","Birch Forest","River","Birch Forest Hills M","Taiga M","Plains"]},"stat.useItem.minecraft.cooked_chicken":1,"stat.craftingTableInteraction":8,"stat.pickup.minecraft.rotten_flesh":16,"stat.useItem.minecraft.glass":5,"stat.pickup.minecraft.sand":3,"stat.craftItem.minecraft.furnace":1,"stat.damageTaken":100,"stat.pickup.minecraft.feather":2,"stat.pickup.minecraft.name_tag":1,"stat.useItem.minecraft.wooden_pickaxe":63,"stat.useItem.minecraft.furnace":1,"stat.pickup.minecraft.cobblestone":23,"stat.craftItem.minecraft.wooden_sword":1,"stat.pickup.minecraft.planks":33,"stat.pickup.minecraft.reeds":12,"stat.flyOneCm":56445,"stat.pickup.minecraft.wheat_seeds":12,"stat.mineBlock.minecraft.sand":1,"achievement.buildPickaxe":4,"stat.pickup.minecraft.fish":1,"stat.drop.minecraft.wheat_seeds":4,"stat.craftItem.minecraft.cooked_fish":1,"stat.damageDealt":218,"stat.pickup.minecraft.redstone":4,"stat.timeSinceDeath":38701,"stat.useItem.minecraft.fence_gate":1,"stat.useItem.minecraft.crafting_table":4,"stat.mineBlock.minecraft.dirt":26,"stat.craftItem.minecraft.wooden_pickaxe":3,"stat.pickup.minecraft.mossy_cobblestone":37,"stat.pickup.minecraft.record_13":1,"stat.walkOneCm":101605,"stat.useItem.minecraft.chest":1,"stat.useItem.minecraft.pumpkin":3,"stat.drop.minecraft.rotten_flesh":3,"stat.pickup.minecraft.crafting_table":2,"stat.useItem.minecraft.cobblestone":15,"stat.craftItem.minecraft.crafting_table":2,"stat.furnaceInteraction":5,"stat.mineBlock.minecraft.double_plant":1,"stat.craftItem.minecraft.pumpkin_seeds":4,"stat.pickup.minecraft.log":22,"stat.useItem.mocreatures.sugarlump":1,"stat.pickup.minecraft.chicken":1,"achievement.mineWood":11,"stat.pickup.minecraft.sapling":2,"stat.sprintOneCm":43515,"stat.pickup.minecraft.apple":1,"stat.useItem.minecraft.fence":8,"stat.craftItem.minecraft.stick":24,"stat.craftItem.minecraft.wooden_axe":1,"achievement.openInventory":37,"stat.craftItem.minecraft.planks":88,"stat.killEntity.Chicken":1,"stat.mineBlock.minecraft.fence":1,"stat.craftItem.minecraft.fence_gate":1,"stat.mineBlock.minecraft.crafting_table":2,"stat.drop.minecraft.cooked_fish":1,"stat.pickup.minecraft.golden_horse_armor":1,"stat.mobKills":3,"stat.mineBlock.minecraft.log":22,"stat.craftItem.minecraft.fence":15,"stat.mineBlock.minecraft.planks":15,"stat.useItem.minecraft.mossy_cobblestone":37,"stat.craftItem.minecraft.sugar":4,"stat.drop":9,"stat.mineBlock.minecraft.leaves":2,"stat.playOneMinute":38701,"stat.useItem.minecraft.wooden_sword":29,"stat.sneakTime":6965,"stat.killEntity.Zombie":1,"stat.useItem.minecraft.wooden_axe":33,"stat.mineBlock.minecraft.stone":20,"stat.mineBlock.minecraft.tallgrass":79,"stat.diveOneCm":2042,"stat.pickup.minecraft.chest":1,"stat.breakItem.minecraft.wooden_pickaxe":1}