{"stat.leaveGame":2,"stat.mineBlock.minecraft.pumpkin":3,"stat.mineBlock.minecraft.brown_mushroom":2,"stat.swimOneCm":2724,"stat.useItem.minecraft.planks":82,"achievement.buildWorkBench":3,"stat.useItem.minecraft.dirt":3,"achievement.exploreAllBiomes":{"value":0,"progress":["Roofed Forest","River","Forest","Plains","Taiga"]},"stat.pickup.minecraft.rotten_flesh":3,"stat.craftItem.minecraft.furnace":2,"stat.entityKilledBy.Spider":1,"stat.useItem.minecraft.egg":2,"stat.craftItem.minecraft.stone_axe":1,"stat.craftItem.minecraft.stone_pickaxe":1,"stat.pickup.minecraft.cobblestone":36,"stat.craftItem.minecraft.stone_sword":1,"stat.flyOneCm":70354,"achievement.buildPickaxe":6,"stat.craftItem.minecraft.wooden_hoe":1,"achievement.buildBetterPickaxe":2,"stat.timeSinceDeath":11411,"stat.craftItem.minecraft.wooden_pickaxe":2,"stat.pickup.minecraft.mutton":9,"stat.craftItem.minecraft.bed":2,"stat.furnaceInteraction":14,"stat.useItem.minecraft.pumpkin_seeds":14,"stat.craftItem.minecraft.pumpkin_seeds":12,"stat.useItem.minecraft.cooked_mutton":5,"stat.pickup.minecraft.furnace":1,"stat.entityKilledBy.Skeleton":1,"achievement.buildSword":6,"achievement.mineWood":47,"stat.sprintOneCm":85074,"stat.craftItem.minecraft.stick":20,"stat.useItem.minecraft.bed":3,"achievement.openInventory":21,"stat.mineBlock.minecraft.crafting_table":1,"stat.pickup.minecraft.pumpkin_seeds":2,"achievement.killEnemy":5,"achievement.buildFurnace":4,"stat.deaths":2,"stat.mineBlock.minecraft.planks":12,"stat.drop":1,"stat.pickup.minecraft.egg":2,"stat.playOneMinute":25942,"stat.useItem.minecraft.wooden_sword":28,"stat.killEntity.Sheep":6,"stat.killEntity.Zombie":5,"stat.mineBlock.minecraft.tallgrass":35,"stat.craftItem.minecraft.cooked_mutton":7,"stat.diveOneCm":1863,"stat.pickup.minecraft.pumpkin":3,"achievement.buildHoe":1,"stat.craftItem.minecraft.coal":7,"stat.jump":460,"stat.useItem.minecraft.wooden_hoe":14,"stat.fallOneCm":11049,"stat.pickup.minecraft.carrot":1,"stat.useItem.minecraft.stone_axe":49,"stat.drop.minecraft.stone_sword":1,"stat.crouchOneCm":5,"stat.craftItem.minecraft.torch":16,"stat.pickup.minecraft.dirt":21,"stat.craftingTableInteraction":20,"stat.useItem.minecraft.sapling":4,"stat.mineBlock.minecraft.log2":9,"stat.damageTaken":680,"stat.mineBlock.minecraft.red_flower":1,"stat.mineBlock.minecraft.furnace":1,"stat.useItem.minecraft.wooden_pickaxe":21,"stat.useItem.minecraft.furnace":3,"stat.craftItem.minecraft.wooden_sword":2,"stat.pickup.minecraft.log2":8,"stat.pickup.minecraft.planks":24,"stat.pickup.minecraft.reeds":7,"stat.pickup.minecraft.bed":1,"stat.pickup.minecraft.wheat_seeds":6,"stat.useItem.minecraft.stone_pickaxe":17,"stat.damageDealt":1494,"stat.sleepInBed":9,"stat.useItem.minecraft.crafting_table":3,"stat.mineBlock.minecraft.dirt":3,"stat.walkOneCm":81367,"stat.useItem.minecraft.torch":2,"stat.pickup.minecraft.crafting_table":1,"stat.craftItem.minecraft.crafting_table":2,"stat.mineBlock.minecraft.double_plant":1,"stat.pickup.minecraft.log":39,"stat.pickup.minecraft.sapling":4,"stat.craftItem.minecraft.planks":144,"stat.pickup.minecraft.stone_sword":1,"stat.mobKills":11,"stat.mineBlock.minecraft.log":38,"stat.craftItem.minecraft.sugar":5,"stat.useItem.minecraft.spruce_door":1,"stat.mineBlock.minecraft.leaves":3,"stat.pickup.minecraft.red_flower":1,"stat.pickup.minecraft.wool":6,"stat.mineBlock.minecraft.stone":36,"stat.craftItem.minecraft.spruce_door":3}