{"stat.useItem.139":33,"stat.useItem.89":43,"achievement.openInventory":34,"stat.damageDealt":15,"stat.useItem.351":289,"achievement.exploreAllBiomes":{"value":0,"progress":["Plains"]},"stat.useItem.50":5,"stat.useItem.324":2,"stat.useItem.323":23,"stat.drop":1,"stat.useItem.4":161,"stat.flyOneCm":1497395,"stat.playOneMinute":63563,"stat.useItem.109":16,"stat.boatOneCm":42030,"stat.diveOneCm":2059,"stat.useItem.85":5,"stat.jump":207,"stat.swimOneCm":12236,"stat.useItem.20":3,"stat.useItem.98":78,"stat.walkOneCm":177083,"stat.useItem.44":38,"stat.useItem.67":31}