{"stat.chestOpened":15,"stat.pickup.minecraft.flint_and_steel":1,"stat.useItem.minecraft.bow":9,"stat.walkOneCm":83008,"stat.useItem.minecraft.iron_sword":5,"stat.pickup.minecraft.iron_axe":1,"stat.leaveGame":1,"stat.pickup.minecraft.iron_sword":1,"stat.damageTaken":218,"stat.killEntity.Slime":2,"stat.pickup.minecraft.name_tag":1,"stat.pickup.minecraft.iron_shovel":1,"stat.pickup.minecraft.carpet":1,"stat.pickup.minecraft.shears":1,"stat.mobKills":2,"stat.pickup.minecraft.iron_hoe":1,"stat.mineBlock.minecraft.carpet":1,"stat.pickup.minecraft.planks":2,"stat.pickup.minecraft.iron_leggings":1,"stat.flyOneCm":2471,"stat.mineBlock.minecraft.planks":3,"stat.pickup.minecraft.fishing_rod":1,"stat.jump":159,"stat.pickup.minecraft.compass":1,"stat.playOneMinute":16701,"stat.pickup.minecraft.iron_helmet":1,"stat.fallOneCm":2431,"stat.pickup.minecraft.lead":1,"stat.pickup.minecraft.iron_pickaxe":1,"stat.useItem.minecraft.cooked_beef":3,"stat.pickup.minecraft.clock":1,"stat.pickup.minecraft.slime_ball":6,"stat.damageDealt":122,"stat.timeSinceDeath":16701,"stat.pickup.minecraft.dirt":3,"stat.sprintOneCm":3264,"stat.useItem.minecraft.iron_pickaxe":7,"stat.mineBlock.minecraft.dirt":3,"stat.pickup.minecraft.iron_chestplate":1,"stat.pickup.minecraft.cooked_beef":64,"stat.pickup.minecraft.iron_boots":1,"stat.useItem.minecraft.fishing_rod":4,"stat.craftingTableInteraction":1}