{"stat.chestOpened":5,"stat.useItem.minecraft.bow":1,"stat.pickup.minecraft.flint_and_steel":1,"stat.pickup.minecraft.pumpkin":64,"stat.walkOneCm":47893,"stat.useItem.minecraft.pumpkin":3,"stat.leaveGame":1,"stat.drop.minecraft.cooked_beef":1,"stat.killEntity.Slime":9,"stat.pickup.minecraft.iron_shovel":1,"stat.pickup.minecraft.carpet":1,"stat.pickup.minecraft.iron_hoe":1,"stat.useItem.minecraft.carpet":1,"stat.pickup.minecraft.fishing_rod":1,"stat.jump":80,"stat.pickup.minecraft.iron_helmet":1,"stat.fallOneCm":2337,"stat.pickup.minecraft.iron_pickaxe":1,"stat.crouchOneCm":8611,"stat.pickup.minecraft.cauldron":1,"stat.sprintOneCm":22217,"stat.pickup.minecraft.iron_chestplate":1,"stat.pickup.minecraft.cooked_beef":65,"stat.pickup.minecraft.iron_boots":1,"stat.mineBlock.minecraft.iron_block":3,"stat.useItem.minecraft.iron_sword":20,"stat.pickup.minecraft.iron_axe":1,"stat.useItem.minecraft.cauldron":1,"stat.useItem.minecraft.iron_block":15,"stat.damageTaken":365,"stat.pickup.minecraft.name_tag":1,"stat.pickup.minecraft.shears":1,"stat.mobKills":9,"stat.mineBlock.minecraft.carpet":1,"stat.pickup.minecraft.iron_leggings":1,"stat.flyOneCm":6362,"stat.drop":1,"stat.playOneMinute":11739,"stat.pickup.minecraft.lead":1,"stat.useItem.minecraft.cooked_beef":4,"stat.pickup.minecraft.clock":1,"stat.sneakTime":2120,"stat.pickup.minecraft.slime_ball":6,"stat.damageDealt":471,"stat.pickup.minecraft.iron_block":259,"stat.sleepInBed":1,"stat.timeSinceDeath":11739,"stat.useItem.minecraft.iron_pickaxe":4}