{"stat.drop.minecraft.pumpkin":64,"stat.pickup.minecraft.bone":4,"stat.leaveGame":5,"stat.useItem.minecraft.bookshelf":33,"stat.useItem.minecraft.skull":8,"stat.pickup.minecraft.leather_chestplate":1,"stat.useItem.minecraft.diamond_sword":16,"stat.swimOneCm":402,"stat.useItem.minecraft.planks":1398,"stat.pickup.minecraft.porkchop":200,"stat.useItem.minecraft.dirt":315,"stat.drop.minecraft.iron_sword":2,"stat.useItem.minecraft.water_bucket":34,"stat.pickup.minecraft.rotten_flesh":16,"stat.useItem.minecraft.egg":3,"stat.pickup.minecraft.name_tag":1,"stat.killEntity.Enderman":1,"stat.useItem.minecraft.anvil":1,"stat.flyOneCm":849149,"stat.drop.minecraft.iron_helmet":2,"stat.killEntity.Witch":1,"stat.timeSinceDeath":26222,"stat.useItem.minecraft.fence_gate":5,"stat.hopperInspected":2,"stat.useItem.minecraft.sign":9,"stat.useItem.minecraft.spawn_egg":14,"stat.drop.minecraft.name_tag":3,"stat.useItem.minecraft.lever":2,"stat.useItem.minecraft.oak_stairs":703,"stat.furnaceInteraction":9,"stat.drop.minecraft.flint_and_steel":2,"stat.pickup.minecraft.carpet":1,"stat.useItem.minecraft.armor_stand":6,"stat.killEntity.Creeper":1,"stat.drop.minecraft.oak_stairs":1,"stat.drop.minecraft.compass":1,"stat.sprintOneCm":268072,"stat.drop.minecraft.fishing_rod":2,"stat.useItem.minecraft.fence":108,"stat.useItem.minecraft.stone_stairs":93,"stat.drop.minecraft.lead":2,"stat.useItem.minecraft.stone_slab":114,"stat.useItem.minecraft.bed":3,"stat.pickup.minecraft.stone_stairs":1,"stat.useItem.minecraft.cauldron":1,"stat.deaths":2,"stat.drop":47,"stat.pickup.minecraft.egg":31,"stat.playOneMinute":198424,"stat.pickup.minecraft.stone_button":3,"stat.useItem.minecraft.banner":38,"stat.pickup.minecraft.clock":1,"stat.pickup.minecraft.slime_ball":194,"stat.drop.minecraft.iron_boots":2,"stat.killEntity.Zombie":1,"stat.diveOneCm":5446,"stat.chestOpened":51,"stat.useItem.minecraft.splash_potion":288,"stat.drop.minecraft.stone_stairs":1,"stat.pickup.minecraft.iron_sword":1,"stat.pickup.minecraft.arrow":66,"stat.drop.minecraft.cooked_beef":128,"stat.useItem.minecraft.acacia_fence_gate":2,"stat.craftItem.minecraft.cooked_porkchop":2,"stat.killEntity.Slime":58,"stat.useItem.minecraft.carpet":103,"stat.drop.minecraft.iron_pickaxe":2,"stat.useItem.minecraft.bedrock":1,"stat.jump":1035,"stat.pickup.minecraft.iron_ingot":8,"stat.pickup.minecraft.gunpowder":2,"stat.crouchOneCm":17746,"stat.useItem.minecraft.stone_button":6,"stat.pickup.minecraft.dirt":59,"stat.drop.minecraft.iron_shovel":2,"stat.useItem.minecraft.glass":173,"stat.boatOneCm":1017,"stat.brewingstandInteraction":3,"stat.drop.minecraft.iron_hoe":3,"stat.damageTaken":480,"stat.pickup.minecraft.feather":4,"stat.drop.minecraft.iron_leggings":2,"stat.useItem.minecraft.furnace":3,"stat.dispenserInspected":1,"stat.pickup.minecraft.planks":1,"stat.pickup.minecraft.concrete":38,"stat.pickup.minecraft.quartz_block":3,"stat.pickup.minecraft.potato":1,"stat.pickup.minecraft.oak_stairs":1,"stat.useItem.minecraft.enchanting_table":2,"stat.damageDealt":2054,"stat.sleepInBed":6,"stat.useItem.minecraft.crafting_table":7,"stat.killEntity.Pig":146,"stat.drop.minecraft.iron_axe":2,"stat.walkOneCm":296268,"stat.useItem.minecraft.torch":97,"stat.animalsBred":5,"stat.useItem.minecraft.chest":20,"stat.pickup.minecraft.stick":2,"stat.useItem.minecraft.pumpkin":2,"stat.useItem.minecraft.log":752,"stat.useItem.minecraft.cobblestone":750,"stat.useItem.minecraft.tnt":7,"stat.useItem.minecraft.dark_oak_fence_gate":2,"stat.pickup.minecraft.iron_hoe":1,"stat.drop.minecraft.iron_block":256,"stat.drop.minecraft.leather_chestplate":1,"stat.drop.minecraft.iron_chestplate":2,"stat.pickup.minecraft.chicken":3,"stat.drop.minecraft.potato":1,"stat.useItem.minecraft.concrete":1,"stat.pickup.minecraft.banner":4,"stat.killEntity.Skeleton":2,"stat.killEntity.Chicken":3,"stat.useItem.minecraft.iron_block":8,"stat.drop.minecraft.clock":3,"stat.mobKills":215,"stat.useItem.minecraft.wooden_door":28,"stat.useItem.minecraft.boat":1,"stat.useItem.minecraft.cobblestone_wall":97,"stat.pickup.minecraft.torch":18,"stat.pickup.minecraft.red_flower":1,"stat.sneakTime":10666,"stat.drop.minecraft.arrow":64,"stat.drop.minecraft.shears":2,"stat.useItem.minecraft.brewing_stand":1}