{"stat.chestOpened":9,"stat.walkOneCm":86706,"stat.useItem.minecraft.torch":4,"stat.animalsBred":43,"stat.useItem.minecraft.chest":4,"stat.useItem.minecraft.pumpkin":7,"stat.leaveGame":4,"stat.useItem.minecraft.log":11,"stat.killEntity.Slime":5,"stat.useItem.minecraft.comparator":3,"stat.furnaceInteraction":4,"stat.drop.minecraft.redstone":1,"stat.useItem.minecraft.diamond_sword":5,"stat.jump":220,"stat.swimOneCm":67,"stat.useItem.minecraft.planks":362,"stat.useItem.minecraft.redstone":4,"stat.drop.minecraft.wooden_door":1,"stat.crouchOneCm":3415,"stat.drop.minecraft.potato":1,"stat.useItem.minecraft.dirt":18,"stat.sprintOneCm":73843,"stat.pickup.minecraft.wooden_door":1,"stat.useItem.minecraft.concrete":364,"stat.pickup.minecraft.rotten_flesh":3,"stat.useItem.minecraft.prismarine":14,"stat.useItem.minecraft.dispenser":2,"stat.pickup.minecraft.comparator":1,"stat.useItem.minecraft.cauldron":2,"stat.useItem.minecraft.iron_block":29,"stat.dispenserInspected":1,"stat.useItem.minecraft.furnace":6,"stat.useItem.minecraft.hopper":5,"stat.mobKills":5,"stat.useItem.minecraft.wooden_door":7,"stat.useItem.minecraft.anvil":2,"stat.flyOneCm":300057,"stat.drop":3,"stat.pickup.minecraft.egg":3,"stat.pickup.minecraft.potato":1,"stat.playOneMinute":48509,"stat.useItem.minecraft.cake":3,"stat.sneakTime":1358,"stat.pickup.minecraft.slime_ball":31,"stat.damageDealt":470,"stat.pickup.minecraft.redstone":2,"stat.useItem.minecraft.wool":24,"stat.sleepInBed":1,"stat.timeSinceDeath":48509,"stat.hopperInspected":1,"stat.useItem.minecraft.spawn_egg":19,"stat.diveOneCm":637}