{"stat.chestOpened":2,"stat.walkOneCm":96169,"stat.useItem.minecraft.torch":16,"stat.useItem.minecraft.quartz_block":51,"stat.leaveGame":2,"stat.killEntity.Slime":1,"stat.useItem.minecraft.cobblestone":206,"stat.useItem.minecraft.skull":3,"stat.jump":221,"stat.drop.minecraft.skull":1,"stat.swimOneCm":89,"stat.useItem.minecraft.planks":38,"stat.drop.minecraft.wooden_door":1,"stat.crouchOneCm":247,"stat.sprintOneCm":1961,"stat.pickup.minecraft.wooden_door":2,"stat.useItem.minecraft.fence":71,"stat.useItem.minecraft.concrete":464,"stat.pickup.minecraft.skull":1,"stat.useItem.minecraft.bed":2,"stat.useItem.minecraft.egg":4,"stat.mobKills":1,"stat.useItem.minecraft.wooden_door":3,"stat.flyOneCm":62984,"stat.drop":3,"stat.pickup.minecraft.egg":1,"stat.playOneMinute":41239,"stat.pickup.minecraft.torch":1,"stat.sneakTime":801,"stat.useItem.minecraft.stone_sword":6,"stat.damageDealt":333,"stat.sleepInBed":1,"stat.timeSinceDeath":41239,"stat.drop.minecraft.torch":1,"stat.useItem.minecraft.spawn_egg":38,"stat.diveOneCm":970}