{"stat.walkOneCm":287254,"stat.animalsBred":2,"achievement.openInventory":73,"stat.leaveGame":1,"stat.useItem.minecraft.oak_stairs":29,"stat.mineBlock.minecraft.yellow_flower":6,"stat.mineBlock.minecraft.red_flower":1,"stat.mobKills":3,"stat.useItem.minecraft.diamond_sword":5,"stat.useItem.minecraft.anvil":1,"stat.flyOneCm":192126,"stat.drop":196,"stat.jump":245,"stat.playOneMinute":64992,"stat.fallOneCm":422,"stat.useItem.minecraft.planks":1,"stat.damageDealt":480,"stat.crouchOneCm":4353,"stat.useItem.minecraft.wool":2,"stat.timeSinceDeath":64992,"stat.useItem.minecraft.dirt":19,"stat.mineBlock.minecraft.dirt":1,"stat.sprintOneCm":80469,"stat.killEntity.Pig":2,"stat.useItem.minecraft.wooden_slab":39,"achievement.exploreAllBiomes":{"value":0,"progress":["Beach","Ocean","Plains"]},"stat.mineBlock.minecraft.tallgrass":41,"stat.useItem.minecraft.fence":64,"stat.useItem.minecraft.glass_pane":6}