{"stat.chestOpened":2,"stat.flowerPotted":2,"stat.walkOneCm":184744,"stat.useItem.minecraft.torch":14,"stat.animalsBred":1,"stat.useItem.minecraft.quartz_block":467,"stat.useItem.minecraft.painting":68,"stat.useItem.minecraft.chest":1,"stat.leaveGame":4,"stat.useItem.minecraft.oak_stairs":161,"stat.useItem.minecraft.diamond_sword":49,"stat.useItem.minecraft.carpet":10,"stat.useItem.minecraft.flower_pot":2,"stat.jump":326,"stat.useItem.minecraft.item_frame":2,"stat.crouchOneCm":5282,"stat.useItem.minecraft.dirt":20,"stat.sprintOneCm":73088,"stat.useItem.minecraft.tallgrass":4,"achievement.exploreAllBiomes":{"value":0,"progress":["Beach","Plains"]},"stat.useItem.minecraft.fence":88,"stat.useItem.minecraft.glass_pane":46,"stat.useItem.minecraft.red_flower":6,"stat.useItem.minecraft.bed":2,"achievement.openInventory":116,"stat.killEntity.Spider":1,"stat.mobKills":42,"stat.useItem.minecraft.wooden_door":4,"stat.flyOneCm":239920,"stat.drop":14,"stat.playOneMinute":60051,"stat.damageDealt":5525,"stat.useItem.minecraft.wool":5,"stat.killEntity.Zombie":1,"stat.timeSinceDeath":60051,"stat.useItem.minecraft.sign":2,"stat.killEntity.Pig":40,"stat.useItem.minecraft.wooden_slab":42}