{"stat.chestOpened":24,"stat.useItem.minecraft.splash_potion":9,"stat.walkOneCm":85848,"stat.drop.minecraft.paper":2,"stat.pickup.minecraft.bone":64,"stat.boatOneCm":438,"stat.animalsBred":2,"stat.useItem.minecraft.chest":2,"stat.leaveGame":1,"stat.pickup.minecraft.arrow":2,"stat.mobKills":1,"stat.talkedToVillager":4,"stat.useItem.minecraft.diamond_sword":2,"stat.pickup.minecraft.dye":1,"stat.useItem.minecraft.potion":2,"stat.flyOneCm":42019,"stat.drop":3,"stat.craftItem.minecraft.writable_book":1,"stat.jump":152,"stat.swimOneCm":553,"stat.useItem.minecraft.writable_book":1,"stat.playOneMinute":26175,"stat.climbOneCm":4124,"stat.useItem.minecraft.milk_bucket":2,"stat.sneakTime":1854,"stat.drop.minecraft.stone_sword":1,"stat.damageDealt":100,"stat.crouchOneCm":7132,"stat.sleepInBed":2,"stat.timeSinceDeath":26175,"stat.useItem.minecraft.written_book":1,"stat.killEntity.Squid":1,"stat.sprintOneCm":34116,"stat.useItem.minecraft.crafting_table":1,"stat.pickup.minecraft.cooked_beef":1,"stat.diveOneCm":9209,"stat.craftingTableInteraction":4}