{"stat.beaconInteraction":1,"stat.useItem.minecraft.bow":51,"stat.useItem.minecraft.painting":95,"stat.leaveGame":15,"stat.useItem.minecraft.bookshelf":130,"stat.killEntity.Parrot":2,"stat.killEntity.Ozelot":10,"stat.useItem.minecraft.glowstone":90,"stat.killEntity.PigZombie":1,"stat.pickup.minecraft.fishing_rod":2,"stat.useItem.minecraft.planks":1443,"stat.pickup.minecraft.glass":1,"stat.drop.minecraft.iron_sword":1,"stat.pickup.minecraft.rotten_flesh":75,"stat.useItem.minecraft.diamond_hoe":3,"stat.pickup.minecraft.splash_potion":2,"stat.pickup.minecraft.brick_block":1,"stat.useItem.minecraft.rail":7,"stat.killEntity.Enderman":7,"stat.aviateOneCm":66315,"stat.useItem.minecraft.anvil":13,"stat.useItem.minecraft.ender_pearl":13,"stat.killEntity.Witch":2,"stat.craftItem.minecraft.cooked_fish":9,"stat.killEntity.Villager":2,"stat.useItem.minecraft.fence_gate":31,"stat.useItem.minecraft.spawn_egg":20,"stat.pickup.minecraft.double_plant":1,"stat.drop.minecraft.diamond_chestplate":1,"stat.furnaceInteraction":16,"stat.killEntity.ZombieVillager":4,"stat.useItem.minecraft.double_plant":20,"stat.useItem.minecraft.trapdoor":21,"stat.useItem.minecraft.fence":113,"stat.useItem.minecraft.stone_stairs":2,"stat.pickup.minecraft.potion":4,"stat.useItem.minecraft.cauldron":2,"stat.useItem.minecraft.flint_and_steel":2,"stat.useItem.minecraft.wheat_seeds":30,"stat.useItem.minecraft.dye":159,"stat.playOneMinute":387145,"stat.drop.minecraft.chest":1,"stat.useItem.minecraft.jukebox":2,"stat.fishCaught":11,"stat.craftItem.minecraft.cooked_mutton":14,"stat.pickup.minecraft.cooked_mutton":6,"stat.chestOpened":265,"stat.useItem.minecraft.splash_potion":464,"stat.pickup.minecraft.spruce_door":2,"stat.recordPlayed":2,"stat.useItem.minecraft.stone":4,"stat.pickup.minecraft.arrow":34,"stat.pickup.minecraft.iron_sword":1,"stat.pickup.minecraft.carrot":13,"stat.drop.minecraft.stone_sword":1,"stat.crouchOneCm":15433,"stat.pickup.minecraft.painting":4,"stat.useItem.minecraft.iron_hoe":16,"stat.craftingTableInteraction":10,"stat.useItem.minecraft.golden_rail":5,"stat.pickup.minecraft.feather":3,"stat.drop.minecraft.bone":1,"stat.useItem.minecraft.furnace":3,"stat.pickup.minecraft.monster_egg":2,"stat.pickup.minecraft.dye":128,"stat.pickup.minecraft.planks":1,"stat.pickup.minecraft.wheat_seeds":35,"stat.pickup.minecraft.lead":3,"stat.useItem.minecraft.stone_sword":17,"stat.useItem.minecraft.enchanting_table":4,"stat.useItem.minecraft.wool":103,"stat.flowerPotted":6,"stat.useItem.minecraft.torch":265,"stat.pickup.minecraft.golden_apple":1,"stat.useItem.minecraft.log":65,"stat.useItem.minecraft.cobblestone":583,"stat.useItem.minecraft.gravel":2,"stat.pickup.minecraft.redstone_block":1,"stat.pickup.minecraft.log":3,"stat.useItem.minecraft.yellow_flower":1,"stat.pickup.minecraft.chicken":1,"stat.pickup.minecraft.tipped_arrow":1,"stat.drop.minecraft.gold_nugget":64,"stat.pickup.minecraft.sapling":1,"stat.pickup.minecraft.apple":2,"stat.useItem.minecraft.glass_pane":72,"stat.drop.minecraft.fish":1,"stat.useItem.minecraft.iron_sword":84,"stat.drop.minecraft.golden_chestplate":1,"stat.pickup.minecraft.diamond_helmet":1,"stat.pickup.minecraft.stone_sword":2,"stat.useItem.minecraft.wooden_door":4,"stat.useItem.minecraft.grass_path":81,"stat.useItem.minecraft.monster_egg":20,"stat.useItem.minecraft.spruce_door":8,"stat.pickup.minecraft.red_flower":4,"stat.sneakTime":10058,"stat.pickup.minecraft.wool":154,"stat.pickup.minecraft.cooked_fish":12,"stat.pickup.minecraft.yellow_flower":1,"stat.useItem.minecraft.record_blocks":2,"stat.useItem.minecraft.fishing_rod":16,"stat.pickup.minecraft.chest":2,"stat.useItem.minecraft.web":52,"stat.pickup.minecraft.bone":34,"stat.horseOneCm":76482,"stat.pickup.minecraft.record_blocks":1,"stat.useItem.minecraft.log2":26,"stat.useItem.minecraft.beacon":1,"stat.useItem.minecraft.skull":12,"stat.pickup.minecraft.flower_pot":4,"stat.useItem.minecraft.diamond_sword":428,"stat.swimOneCm":5320,"stat.climbOneCm":2635,"stat.pickup.minecraft.writable_book":1,"stat.useItem.minecraft.obsidian":17,"stat.useItem.minecraft.dirt":246,"stat.pickup.minecraft.bow":4,"stat.useItem.minecraft.red_flower":5,"stat.pickup.minecraft.map":3,"stat.pickup.minecraft.grass_path":1,"stat.pickup.minecraft.diamond_leggings":2,"stat.useItem.minecraft.brick_block":482,"stat.flyOneCm":1693169,"stat.killEntity.ZombieHorse":1,"stat.pickup.minecraft.fish":14,"stat.pickup.minecraft.redstone":2,"stat.timeSinceDeath":387145,"stat.useItem.minecraft.sign":29,"stat.cauldronFilled":1,"stat.pickup.minecraft.mutton":205,"stat.useItem.minecraft.iron_door":1,"stat.craftItem.minecraft.cake":1,"stat.killEntity.Wolf":2,"stat.pickup.minecraft.carpet":3,"stat.pickup.minecraft.trapdoor":1,"stat.useItem.minecraft.armor_stand":6,"stat.killEntity.Creeper":23,"stat.talkedToVillager":94,"stat.pickup.minecraft.string":14,"stat.useItem.minecraft.milk_bucket":1,"stat.pickup.minecraft.birch_stairs":1,"stat.useItem.minecraft.written_book":7,"stat.sprintOneCm":482631,"stat.useItem.minecraft.diamond_shovel":173,"stat.pickup.minecraft.paper":2,"stat.useItem.minecraft.hay_block":89,"stat.useItem.minecraft.bed":15,"stat.pickup.minecraft.grass":1,"stat.useItem.minecraft.carrot":6,"stat.useItem.minecraft.ender_eye":1,"stat.pickup.minecraft.diamond_chestplate":2,"stat.drop.minecraft.golden_apple":1,"stat.pickup.minecraft.sugar":62,"stat.drop":12,"stat.useItem.minecraft.cake":4,"stat.killEntity.Sheep":153,"stat.useItem.minecraft.banner":10,"stat.useItem.minecraft.ladder":3,"stat.craftItem.minecraft.emerald":30,"stat.pickup.minecraft.golden_chestplate":1,"stat.killEntity.Zombie":48,"stat.craftItem.minecraft.dye":14,"stat.useItem.minecraft.birch_stairs":283,"stat.diveOneCm":9118,"stat.pickup.minecraft.wheat":9,"stat.pickup.minecraft.sign":2,"stat.pickup.minecraft.gravel":2,"stat.drop.minecraft.cooked_beef":1,"stat.useItem.minecraft.diamond_axe":28,"stat.useItem.minecraft.carpet":144,"stat.useItem.minecraft.potion":6,"stat.pickup.minecraft.diamond_sword":2,"stat.useItem.minecraft.flower_pot":5,"stat.jump":2767,"stat.useItem.minecraft.sand":1,"stat.pickup.minecraft.coal":122,"stat.pickup.minecraft.iron_ingot":2,"stat.pickup.minecraft.gunpowder":32,"stat.pickup.minecraft.spider_eye":4,"stat.useItem.minecraft.stone_button":2,"stat.useItem.minecraft.glass":16,"stat.boatOneCm":2760,"stat.useItem.minecraft.sapling":18,"stat.pickup.minecraft.cookie":8,"stat.tradedWithVillager":47,"stat.useItem.minecraft.acacia_door":3,"stat.craftItem.minecraft.glowstone":2,"stat.pickup.minecraft.bed":1,"stat.useItem.minecraft.birch_fence":14,"stat.pickup.minecraft.diamond_axe":1,"stat.damageDealt":28591,"stat.sleepInBed":26,"stat.useItem.minecraft.crafting_table":5,"stat.walkOneCm":764630,"stat.animalsBred":161,"stat.useItem.minecraft.chest":44,"stat.useItem.minecraft.pumpkin":7,"stat.useItem.minecraft.tnt":3,"stat.useItem.minecraft.redstone_block":3,"stat.pickup.minecraft.tnt":1,"stat.useItem.minecraft.item_frame":21,"stat.useItem.minecraft.birch_fence_gate":3,"stat.pickup.minecraft.ender_pearl":8,"stat.useItem.minecraft.leaves":11,"stat.pickup.minecraft.gold_ingot":64,"stat.killEntity.Skeleton":23,"stat.killEntity.Chicken":1,"stat.useItem.minecraft.iron_block":31,"stat.killEntity.Spider":9,"stat.craftItem.minecraft.cookie":520,"stat.mobKills":291,"stat.pickup.minecraft.diamond_boots":2,"stat.useItem.minecraft.boat":1,"stat.pickup.minecraft.diamond":1,"stat.useItem.minecraft.writable_book":19,"stat.pickup.minecraft.torch":6,"stat.drop.minecraft.arrow":2,"stat.craftItem.minecraft.map":1}