{"stat.walkOneCm":53441,"stat.useItem.minecraft.torch":4,"stat.useItem.minecraft.chest":2,"stat.useItem.minecraft.potato":12,"stat.leaveGame":3,"stat.useItem.minecraft.log":21,"stat.useItem.minecraft.pumpkin_seeds":8,"stat.pickup.minecraft.carpet":2,"stat.useItem.minecraft.carpet":14,"stat.useItem.minecraft.quartz_ore":2,"stat.jump":217,"stat.swimOneCm":2877,"stat.pickup.minecraft.melon_seeds":1,"stat.crouchOneCm":3220,"stat.useItem.minecraft.dirt":5,"stat.sprintOneCm":13300,"stat.useItem.minecraft.hay_block":194,"stat.drop.minecraft.melon_seeds":1,"stat.useItem.minecraft.water_bucket":41,"stat.useItem.minecraft.netherrack":14,"stat.useItem.minecraft.stone_slab":20,"stat.useItem.minecraft.bed":3,"stat.useItem.minecraft.wheat_seeds":18,"stat.useItem.minecraft.carrot":13,"stat.useItem.minecraft.furnace":2,"stat.useItem.minecraft.stone_hoe":100,"stat.useItem.minecraft.wooden_door":3,"stat.flyOneCm":91983,"stat.drop":1,"stat.playOneMinute":26529,"stat.useItem.minecraft.beetroot_seeds":36,"stat.useItem.minecraft.nether_brick":57,"stat.sneakTime":1145,"stat.useItem.minecraft.stone_sword":1,"stat.damageDealt":108,"stat.useItem.minecraft.melon_seeds":4,"stat.sleepInBed":4,"stat.timeSinceDeath":26529,"stat.useItem.minecraft.crafting_table":1,"stat.diveOneCm":3048,"stat.useItem.minecraft.web":18}