{"stat.chestOpened":12,"stat.useItem.minecraft.bow":14,"stat.horseOneCm":157598,"stat.useItem.minecraft.stone":2,"stat.leaveGame":7,"stat.pickup.minecraft.iron_sword":1,"stat.useItem.minecraft.potion":1,"stat.pickup.minecraft.diamond_sword":1,"stat.jump":496,"stat.swimOneCm":4617,"stat.useItem.minecraft.golden_shovel":66,"stat.pickup.minecraft.carrot":3,"stat.drop.minecraft.diamond_sword":1,"stat.crouchOneCm":4249,"stat.useItem.minecraft.dirt":92,"stat.useItem.minecraft.stone_button":4,"stat.useItem.minecraft.water_bucket":26,"stat.drop.minecraft.iron_sword":1,"stat.boatOneCm":1642,"stat.useItem.minecraft.birch_boat":1,"stat.useItem.minecraft.furnace":1,"stat.drop.minecraft.water_bucket":1,"stat.flyOneCm":225327,"stat.pickup.minecraft.wheat_seeds":5,"stat.pickup.minecraft.potato":3,"stat.killEntity.Villager":2,"stat.damageDealt":705,"stat.useItem.minecraft.wool":4,"stat.sleepInBed":6,"stat.timeSinceDeath":75884,"stat.useItem.minecraft.fence_gate":6,"stat.useItem.minecraft.sign":8,"stat.useItem.minecraft.spawn_egg":18,"stat.pickup.minecraft.mutton":3,"stat.useItem.minecraft.iron_shovel":3,"stat.useItem.minecraft.iron_door":2,"stat.walkOneCm":101351,"stat.useItem.minecraft.torch":22,"stat.animalsBred":7,"stat.useItem.minecraft.chest":1,"stat.useItem.minecraft.log":221,"stat.useItem.minecraft.tnt":2,"stat.furnaceInteraction":3,"stat.useItem.minecraft.armor_stand":1,"stat.talkedToVillager":3,"stat.drop.minecraft.chicken":2,"stat.useItem.minecraft.redstone_block":1,"stat.useItem.minecraft.item_frame":1,"stat.drop.minecraft.diamond_helmet":1,"stat.pickup.minecraft.hay_block":11,"stat.pickup.minecraft.chicken":2,"stat.sprintOneCm":101779,"stat.pickup.minecraft.wooden_door":2,"stat.useItem.minecraft.hay_block":499,"stat.useItem.minecraft.fence":108,"stat.useItem.minecraft.bed":3,"stat.useItem.minecraft.iron_sword":6,"stat.killEntity.Chicken":1,"stat.pickup.minecraft.diamond_helmet":1,"stat.useItem.minecraft.stone_pressure_plate":2,"stat.mobKills":5,"stat.useItem.minecraft.dye":203,"stat.useItem.minecraft.wooden_door":6,"stat.pickup.minecraft.water_bucket":1,"stat.useItem.minecraft.grass_path":11,"stat.drop":6,"stat.pickup.minecraft.egg":4,"stat.playOneMinute":75884,"stat.pickup.minecraft.torch":2,"stat.killEntity.Sheep":2,"stat.sneakTime":1699,"stat.pickup.minecraft.wool":2,"stat.diveOneCm":1121,"stat.pickup.minecraft.chest":2}