{"stat.useItem.minecraft.bow":3,"stat.walkOneCm":37609,"stat.useItem.minecraft.torch":2,"stat.pickup.minecraft.bone":3,"stat.horseOneCm":319062,"stat.leaveGame":2,"stat.pickup.minecraft.arrow":3,"stat.useItem.minecraft.glass_bottle":1,"stat.useItem.minecraft.log":8,"stat.drop.minecraft.hay_block":1,"stat.useItem.minecraft.potion":2,"stat.jump":121,"stat.swimOneCm":1260,"stat.pickup.minecraft.hay_block":1,"stat.crouchOneCm":1572,"stat.useItem.minecraft.dirt":2,"stat.sprintOneCm":25485,"stat.useItem.minecraft.hay_block":57,"stat.pickup.minecraft.rotten_flesh":5,"stat.boatOneCm":3379,"stat.useItem.minecraft.bed":1,"stat.useItem.minecraft.iron_sword":5,"stat.mobKills":1,"stat.useItem.minecraft.wooden_door":3,"stat.flyOneCm":17570,"stat.drop":1,"stat.pickup.minecraft.wheat_seeds":3,"stat.pickup.minecraft.potato":1,"stat.playOneMinute":29003,"stat.sneakTime":264,"stat.damageDealt":211,"stat.sleepInBed":2,"stat.killEntity.Zombie":1,"stat.timeSinceDeath":29003,"stat.useItem.minecraft.spawn_egg":4}