{"stat.chestOpened":6,"stat.walkOneCm":109252,"stat.pickup.minecraft.bone":1,"stat.useItem.minecraft.chest":3,"stat.horseOneCm":129617,"stat.leaveGame":2,"stat.drop.minecraft.diamond_horse_armor":1,"stat.useItem.minecraft.log":72,"stat.furnaceInteraction":1,"stat.killEntity.Creeper":1,"stat.useItem.minecraft.diamond_sword":55,"stat.drop.minecraft.hay_block":1,"stat.pickup.minecraft.log":1,"stat.pickup.minecraft.diamond_sword":1,"stat.jump":131,"stat.drop.minecraft.diamond_helmet":1,"stat.drop.minecraft.diamond_sword":1,"stat.pickup.minecraft.hay_block":1,"stat.pickup.minecraft.gunpowder":2,"stat.crouchOneCm":9,"stat.sprintOneCm":1243,"stat.useItem.minecraft.hay_block":44,"stat.pickup.minecraft.rotten_flesh":11,"stat.pickup.minecraft.diamond_horse_armor":1,"stat.useItem.minecraft.dark_oak_door":1,"stat.useItem.minecraft.bed":2,"stat.pickup.minecraft.diamond_helmet":1,"stat.useItem.minecraft.wooden_button":3,"stat.useItem.minecraft.furnace":1,"stat.mobKills":17,"stat.useItem.minecraft.wooden_door":2,"stat.flyOneCm":10211,"stat.pickup.minecraft.wheat_seeds":3,"stat.drop":5,"stat.pickup.minecraft.egg":1,"stat.playOneMinute":39252,"stat.killEntity.Sheep":8,"stat.sneakTime":69,"stat.pickup.minecraft.wool":8,"stat.damageDealt":2705,"stat.sleepInBed":3,"stat.killEntity.Zombie":8,"stat.timeSinceDeath":39252,"stat.drop.minecraft.log":1,"stat.useItem.minecraft.spawn_egg":9,"stat.craftItem.minecraft.cooked_mutton":11,"stat.pickup.minecraft.mutton":11,"stat.pickup.minecraft.wheat":3,"stat.useItem.minecraft.iron_door":1}