{"stat.useItem.minecraft.painting":45,"stat.useItem.minecraft.quartz_block":7,"stat.horseOneCm":13731,"stat.leaveGame":4,"stat.pickup.minecraft.record_blocks":1,"stat.useItem.minecraft.bookshelf":18,"stat.craftItem.minecraft.iron_axe":7,"stat.killEntity.Ozelot":8,"stat.useItem.minecraft.skull":2,"stat.useItem.minecraft.diamond_sword":4,"stat.swimOneCm":3072,"stat.climbOneCm":1739,"stat.useItem.minecraft.dirt":6,"stat.useItem.minecraft.water_bucket":1,"stat.useItem.minecraft.record_cat":1,"stat.drop.minecraft.fence":1,"stat.useItem.minecraft.brick_block":291,"stat.flyOneCm":288619,"stat.killEntity.Villager":8,"stat.timeSinceDeath":72506,"stat.useItem.minecraft.fence_gate":16,"stat.drop.minecraft.log":1,"stat.useItem.minecraft.sign":13,"stat.useItem.minecraft.spawn_egg":19,"stat.cauldronFilled":1,"stat.useItem.minecraft.noteblock":20,"stat.killEntity.Wolf":2,"stat.talkedToVillager":32,"stat.pickup.minecraft.filled_map":1,"stat.useItem.minecraft.trapdoor":9,"stat.sprintOneCm":94428,"stat.useItem.minecraft.stained_glass":29,"stat.useItem.minecraft.fence":13,"stat.useItem.minecraft.bed":2,"stat.useItem.minecraft.cauldron":1,"stat.useItem.minecraft.flint_and_steel":2,"stat.drop.minecraft.golden_apple":1,"stat.drop":18,"stat.playOneMinute":72506,"stat.useItem.minecraft.ladder":5,"stat.craftItem.minecraft.emerald":5,"stat.useItem.minecraft.jukebox":2,"stat.craftItem.minecraft.diamond_axe":7,"stat.diveOneCm":3398,"stat.chestOpened":24,"stat.useItem.minecraft.splash_potion":16,"stat.recordPlayed":3,"stat.useItem.minecraft.stone":1,"stat.useItem.minecraft.quartz_stairs":6,"stat.useItem.minecraft.diamond_axe":16,"stat.useItem.minecraft.flower_pot":4,"stat.craftItem.minecraft.diamond_sword":1,"stat.jump":350,"stat.pickup.minecraft.fence":1,"stat.useItem.minecraft.experience_bottle":186,"stat.drop.minecraft.dye":64,"stat.crouchOneCm":3676,"stat.pickup.minecraft.painting":1,"stat.useItem.minecraft.glass":6,"stat.useItem.minecraft.dark_oak_fence":12,"stat.tradedWithVillager":21,"stat.noteblockTuned":200,"stat.pickup.minecraft.dye":64,"stat.pickup.minecraft.wheat_seeds":3,"stat.useItem.minecraft.enchanting_table":1,"stat.damageDealt":2665,"stat.useItem.minecraft.wool":8,"stat.sleepInBed":4,"stat.craftItem.minecraft.iron_sword":1,"stat.drop.minecraft.stick":14,"stat.useItem.minecraft.iron_bars":35,"stat.flowerPotted":2,"stat.walkOneCm":152222,"stat.useItem.minecraft.torch":56,"stat.pickup.minecraft.golden_apple":1,"stat.useItem.minecraft.chest":20,"stat.pickup.minecraft.stick":1,"stat.useItem.minecraft.log":781,"stat.useItem.minecraft.cobblestone":111,"stat.useItem.minecraft.lava_bucket":136,"stat.useItem.minecraft.item_frame":9,"stat.useItem.minecraft.stained_hardened_clay":159,"stat.useItem.minecraft.record_mall":1,"stat.useItem.minecraft.netherrack":1,"stat.pickup.minecraft.record_mall":1,"stat.useItem.minecraft.iron_sword":38,"stat.itemEnchanted":5,"stat.mobKills":18,"stat.useItem.minecraft.wooden_door":1,"stat.useItem.minecraft.monster_egg":2,"stat.useItem.minecraft.mossy_cobblestone":11,"stat.useItem.minecraft.cobblestone_wall":5,"stat.useItem.minecraft.writable_book":2,"stat.sneakTime":1836,"stat.useItem.minecraft.record_blocks":1}