{"stat.chestOpened":18,"stat.flowerPotted":1,"stat.useItem.minecraft.noteblock":14,"stat.walkOneCm":25146,"stat.useItem.minecraft.chest":2,"stat.useItem.minecraft.bed":1,"stat.drop.minecraft.noteblock":1,"stat.leaveGame":1,"stat.useItem.minecraft.log":53,"stat.useItem.minecraft.cobblestone":6,"stat.useItem.minecraft.skull":6,"stat.drop.minecraft.filled_map":1,"stat.noteblockTuned":544,"stat.talkedToVillager":1,"stat.useItem.minecraft.brick_block":1,"stat.flyOneCm":100532,"stat.pickup.minecraft.bed":1,"stat.useItem.minecraft.flower_pot":1,"stat.drop":3,"stat.jump":98,"stat.swimOneCm":2026,"stat.playOneMinute":17508,"stat.useItem.minecraft.planks":3,"stat.useItem.minecraft.item_frame":1,"stat.useItem.minecraft.ladder":5,"stat.sneakTime":273,"stat.crouchOneCm":157,"stat.sleepInBed":1,"stat.timeSinceDeath":17508,"stat.useItem.minecraft.stained_hardened_clay":6,"stat.useItem.minecraft.map":2,"stat.sprintOneCm":10506,"stat.useItem.minecraft.sign":3,"stat.useItem.minecraft.stained_glass":2,"stat.useItem.minecraft.fence":4,"stat.drop.minecraft.bed":1}