{"stat.chestOpened":18,"stat.walkOneCm":44190,"stat.pickup.minecraft.bone":1,"stat.useItem.minecraft.torch":1,"stat.pickup.mocreatures.mocegg":1,"achievement.openInventory":33,"stat.drop.minecraft.porkchop":1,"stat.drop.mocreatures.turkeyraw":1,"stat.leaveGame":1,"stat.pickup.minecraft.arrow":2,"stat.useItem.minecraft.red_nether_brick":47,"stat.drop.minecraft.stained_glass":1,"stat.useItem.minecraft.soul_sand":2,"stat.drop.minecraft.nether_wart_block":1,"stat.useItem.minecraft.lead":1,"stat.useItem.mocreatures.silversword":1,"stat.useItem.minecraft.glowstone":2,"stat.flyOneCm":144232,"stat.drop.minecraft.red_nether_brick":1,"stat.useItem.minecraft.nether_wart_block":4,"stat.drop":6,"stat.jump":213,"stat.playOneMinute":27165,"stat.pickup.mocreatures.silversword":1,"stat.sneakTime":1760,"stat.useItem.mocreatures.MoCTallGrass":2,"stat.damageDealt":11,"stat.pickup.minecraft.porkchop":1,"stat.crouchOneCm":4996,"stat.timeSinceDeath":27165,"stat.useItem.minecraft.nether_brick_fence":8,"stat.useItem.minecraft.obsidian":57,"stat.sprintOneCm":35775,"stat.useItem.minecraft.stained_glass":69,"stat.drop.minecraft.glowstone":1,"stat.useItem.minecraft.redstone_ore":5,"achievement.exploreAllBiomes":{"value":0,"progress":["River","Plains","Extreme Hills"]},"stat.pickup.mocreatures.turkeyraw":1,"stat.useItem.minecraft.netherrack":4}