{"stat.pickup.minecraft.bone":4,"stat.leaveGame":6,"stat.useItem.minecraft.log2":10,"stat.useItem.minecraft.diamond_sword":370,"stat.pickup.minecraft.flower_pot":1,"stat.pickup.mocreatures.fur":7,"stat.useItem.minecraft.glowstone":35,"stat.killEntity.mocreatures.Tiger":4,"stat.swimOneCm":15288,"stat.useItem.minecraft.planks":178,"stat.pickup.minecraft.enchanted_book":1,"stat.pickup.minecraft.glowstone":1,"stat.killEntity.mocreatures.Raccoon":1,"stat.useItem.minecraft.obsidian":92,"stat.useItem.minecraft.dirt":127,"achievement.exploreAllBiomes":{"value":0,"progress":["WyvernLair","River","Forest","Plains","Extreme Hills"]},"stat.useItem.minecraft.water_bucket":152,"stat.pickup.minecraft.rotten_flesh":1,"stat.useItem.minecraft.diamond_hoe":1,"stat.useItem.minecraft.red_flower":5,"stat.useItem.minecraft.egg":9,"stat.useItem.minecraft.red_nether_brick":259,"stat.useItem.minecraft.leaves2":11,"stat.pickup.minecraft.nether_wart_block":1,"stat.useItem.minecraft.iron_ore":3,"stat.killEntity.mocreatures.Angler":2,"stat.useItem.minecraft.anvil":1,"stat.flyOneCm":1164086,"stat.pickup.minecraft.fish":190,"stat.drop.minecraft.wheat_seeds":2,"stat.timeSinceDeath":255886,"stat.useItem.minecraft.fence_gate":29,"stat.useItem.minecraft.sign":14,"stat.useItem.minecraft.spawn_egg":569,"stat.useItem.minecraft.hardened_clay":77,"stat.killEntity.mocreatures.Ent":1,"stat.drop.minecraft.dirt":3,"stat.pickup.mocreatures.horsearmorcrystal":1,"stat.drop.mocreatures.bigcatclaw":2,"stat.useItem.minecraft.red_sandstone":79,"stat.drop.minecraft.obsidian":2,"stat.sprintOneCm":253631,"stat.useItem.minecraft.stained_glass":1264,"stat.useItem.minecraft.diamond_block":60,"stat.useItem.minecraft.fence":67,"stat.useItem.minecraft.stone_stairs":34,"stat.useItem.minecraft.acacia_fence":10,"stat.useItem.minecraft.ice":14,"stat.useItem.mocreatures.whip":6,"stat.useItem.minecraft.bed":3,"achievement.openInventory":345,"stat.useItem.minecraft.wheat_seeds":1,"stat.useItem.minecraft.dye":2,"stat.useItem.mocreatures.silversword":1064,"stat.drop":16,"stat.pickup.minecraft.egg":1,"stat.playOneMinute":255886,"stat.killEntity.mocreatures.Manderin":29,"stat.useItem.minecraft.diamond_ore":29,"stat.drop.mocreatures.silversword":1,"stat.killEntity.mocreatures.Dolphin":7,"stat.useItem.mocreatures.MoCGrass":79,"stat.diveOneCm":26971,"stat.pickup.minecraft.wheat":1,"stat.chestOpened":72,"stat.useItem.minecraft.lapis_ore":4,"stat.useItem.minecraft.splash_potion":187,"stat.useItem.mocreatures.staffportal":4,"stat.pickup.minecraft.sign":1,"stat.useItem.minecraft.stone":657,"stat.useItem.minecraft.jungle_fence":20,"stat.pickup.minecraft.arrow":4,"stat.useItem.minecraft.diamond_axe":12,"stat.pickup.minecraft.obsidian":2,"stat.useItem.minecraft.potion":8,"stat.killEntity.mocreatures.Wyvern":207,"stat.jump":1345,"stat.useItem.minecraft.sand":121,"stat.pickup.mocreatures.bigcatclaw":6,"stat.crouchOneCm":16347,"stat.useItem.minecraft.nether_brick_fence":16,"stat.pickup.minecraft.dirt":3,"stat.useItem.minecraft.coal_ore":3,"stat.killEntity.mocreatures.GreenOgre":1,"stat.craftingTableInteraction":2,"stat.useItem.minecraft.glass":88,"stat.pickup.minecraft.leather":2,"stat.useItem.minecraft.dark_oak_fence":8,"stat.pickup.minecraft.wheat_seeds":7,"stat.useItem.minecraft.birch_fence":8,"stat.pickup.minecraft.lead":5,"stat.killEntity.mocreatures.WWolf":3,"stat.useItem.minecraft.enchanting_table":1,"stat.pickup.minecraft.stained_glass":1,"stat.damageDealt":96897,"stat.useItem.minecraft.snow_layer":29,"stat.sleepInBed":4,"stat.drop.mocreatures.horsearmorcrystal":1,"stat.useItem.minecraft.crafting_table":4,"stat.walkOneCm":567616,"stat.drop.mocreatures.mocegg":3,"stat.useItem.minecraft.torch":29,"stat.useItem.minecraft.chest":19,"stat.useItem.minecraft.log":39,"stat.useItem.minecraft.cobblestone":103,"stat.useItem.minecraft.emerald_block":69,"stat.useItem.minecraft.gold_ore":3,"stat.useItem.minecraft.nether_wart_block":158,"stat.killEntity.mocreatures.WildHorse":1,"stat.useItem.minecraft.stained_hardened_clay":274,"stat.pickup.minecraft.sapling":15,"stat.useItem.minecraft.leaves":18,"stat.killEntity.mocreatures.GoldFish":20,"stat.pickup.minecraft.wooden_door":1,"stat.useItem.minecraft.redstone_ore":3,"stat.useItem.minecraft.prismarine":137,"stat.killEntity.Skeleton":3,"stat.drop.minecraft.fish":2,"stat.pickup.mocreatures.mocegg":92,"stat.mobKills":304,"stat.useItem.minecraft.wooden_door":2,"stat.pickup.minecraft.water_bucket":1,"stat.useItem.minecraft.grass_path":48,"stat.pickup.minecraft.torch":2,"stat.pickup.minecraft.red_nether_brick":1,"stat.sneakTime":12368,"stat.pickup.mocreatures.horsesaddle":2,"stat.killEntity.mocreatures.HippoTang":10,"stat.useItem.minecraft.sandstone":75}