{"stat.chestOpened":4,"stat.recordPlayed":2,"stat.leaveGame":2,"stat.useItem.mocreatures.recordshuffle":2,"stat.useItem.minecraft.lead":2,"stat.pickup.minecraft.flower_pot":1,"stat.useItem.minecraft.glowstone":31,"stat.killEntity.mocreatures.Wyvern":20,"stat.useItem.minecraft.flower_pot":4,"stat.jump":160,"stat.swimOneCm":572,"stat.useItem.minecraft.sand":31,"stat.pickup.minecraft.coal":63,"stat.crouchOneCm":2397,"stat.useItem.minecraft.nether_brick_fence":11,"stat.useItem.minecraft.dirt":11,"achievement.exploreAllBiomes":{"value":0,"progress":["Birch Forest Hills","River","Plains","Extreme Hills"]},"stat.drop.mocreatures.ratraw":17,"stat.useItem.minecraft.red_nether_brick":443,"stat.useItem.minecraft.furnace":1,"stat.pickup.mocreatures.recordshuffle":2,"stat.flyOneCm":233718,"stat.pickup.minecraft.wheat_seeds":1,"stat.useItem.minecraft.birch_fence":7,"stat.pickup.minecraft.lead":1,"stat.damageDealt":10599,"stat.useItem.minecraft.wool":338,"stat.timeSinceDeath":63446,"stat.useItem.minecraft.spawn_egg":49,"stat.pickup.mocreatures.ratraw":17,"stat.flowerPotted":4,"stat.drop.mocreatures.mocegg":3,"stat.walkOneCm":102663,"stat.useItem.minecraft.torch":43,"stat.useItem.minecraft.log":4,"stat.furnaceInteraction":4,"stat.useItem.minecraft.nether_wart_block":83,"stat.useItem.minecraft.jungle_fence_gate":19,"stat.pickup.minecraft.sapling":1,"stat.useItem.minecraft.leaves":10,"stat.sprintOneCm":19213,"stat.useItem.minecraft.stained_glass":87,"stat.useItem.minecraft.tallgrass":2,"stat.craftItem.mocreatures.ratcooked":2,"stat.pickup.mocreatures.mocegg":2,"stat.useItem.mocreatures.whip":2,"achievement.openInventory":56,"stat.mobKills":20,"stat.useItem.mocreatures.silversword":291,"stat.drop.mocreatures.horsesaddle":1,"stat.useItem.minecraft.wooden_door":1,"stat.drop":21,"stat.playOneMinute":63446,"stat.pickup.minecraft.torch":2,"stat.sneakTime":2240,"stat.pickup.mocreatures.horsesaddle":1,"stat.useItem.minecraft.jukebox":1,"stat.diveOneCm":276,"stat.useItem.minecraft.sandstone":264}